date,ticker,timestamp,oneDayReturnPct,finalScore,nonFundamental,news,sentiment,uncertainty,confidence,returnLikelihood,evidenceCheckedCited,reason,metrics_EC,metrics_PCR,metrics_SD,metrics_NRI,metrics_HDM,metrics_CONTR,metrics_FRESH_NEG,metrics_CP,metrics_RD,PriceAtOpen,PriceAt1730CET
2025-12-22,WGO,2025-12-22T13:50:53.506728,-8.25,0.6,No,-0.42,0.0,High,High,67.7,Finviz: 'Beating analysts expectations... Raised full-year guidance'.,Earnings Beat ($0.38 vs $0.13) & Raised FY Guidance. Sell-off appears disconnected from strong fundamentals.,1.0,0.3,0.9,0.0,0.2,1.0,1.0,0.9,0.2,42.35,41.7501
2025-12-22,SCHL,2025-12-22T13:50:53.506728,-8.78,0.59,No,0.22,0.0,High,High,83.0,MarketBeat: 'Expanded share repurchase by $80M to total $150M'.,Aggressive Support: Board increased Buyback Authorization to $150M after earnings beat.,1.0,0.5,0.8,0.0,0.1,0.9,0.0,0.5,0.1,27.09,27.065
2025-12-22,LW,2025-12-22T13:50:53.506728,-13.59,-0.05,No,-0.78,0.0,High,Medium,25.4,Investing.com: 'Surpassed forecast EPS and Revenue'.,Earnings Beat ($0.69 vs $0.64) and Revenue Beat. Stock fell 12% despite operational beat.,0.9,0.7,0.7,0.0,0.4,0.6,1.0,0.3,0.2,43.49,43.085
2025-12-22,OLMA,2025-12-22T13:50:53.506728,-12.72,-0.06,No,0.18,0.0,High,Medium,56.1,Citigroup: 'Raised price target to $60'.,Multiple Analyst Upgrades (Citi to $60). Cash position strong ($329M).,0.6,0.6,0.6,0.0,0.2,0.5,0.0,0.4,0.2,27.92,28.54
2025-12-22,PDEX,2025-12-22T13:50:53.506728,-8.51,-0.1,No,0.26,0.0,High,Medium,56.9,"TipRanks: 'Backlog $50.4M', 'Contract extension with largest customer'.",Strong Growth Story: Backlog at $50.4M + Contract Extension through 2028.,0.6,0.6,0.7,0.0,0.2,0.6,0.0,0.5,0.3,41.0,
2025-12-22,IRON,2025-12-22T13:50:53.506728,-12.91,-0.11,No,-0.64,0.0,High,High,26.8,"TipRanks: 'Consensus Strong Buy, Avg Target $120.18'.","Analyst Consensus 'Strong Buy' (Target ~$120). FDA application accepted, efficacy mandated.",0.8,0.8,0.6,0.0,0.3,0.8,1.0,0.5,0.3,80.51,78.53
2025-12-22,ANDG,2025-12-22T13:50:53.506728,-10.12,-0.48,Yes,0.34,0.0,High,Low,41.6,"Investing.com: 'Opened at $21, well above offering'.",Post-IPO Volatility play. Opened significantly above IPO price ($21).,0.2,0.5,0.5,0.0,0.8,0.3,0.0,0.5,0.7,24.51,25.55
2025-12-22,AFJK,2025-12-22T13:50:53.506728,-30.01,-0.51,Yes,0.48,0.0,High,Low,44.2,Ainvest: 'Intraday low of $35.01 identified as key support'.,Extreme Oversold (Williams %R -79). Price nearing key psychological support at $35.,0.3,0.9,0.4,0.0,0.9,0.4,0.0,0.7,0.8,34.48,
2025-12-22,BETR,2025-12-22T13:50:53.506728,-8.42,-0.62,No,-0.66,0.0,High,Medium,11.7,HousingWire: 'Aims for EBITDA breakeven by Q3 2026'.,Turnaround Play: Management reiterated Adj EBITDA breakeven by 2026.,0.4,0.7,0.5,0.0,0.5,0.4,1.0,0.4,0.5,35.05,35.5266
2025-12-22,INTG,2025-12-22T13:50:53.506728,-8.67,-1.18,Yes,-0.6,0.0,High,Very Low,4.5,"Intellectia: 'Strong Sell indicators', but RSI approaching lows.",Purely Technical Speculation (No fundamental support). Buying on support.,0.1,0.95,0.2,1.0,0.5,0.1,1.0,0.9,0.9,27.15,
2025-12-23,UNF,2025-12-23T09:49:45.264608,-7.31,0.93,Yes,0.81,0.46,High,High,97.2,Cintas Offer $275 confirmed (Dec 2025),Top Tier Arbitrage Play. Cintas (CTAS) renewed offer at $275/share in Dec 2025. Stock -7% drop widens spread significantly. Deal uncertainty exists but risk/reward is skewed bullish.,0.8,0.9,0.7,0.9,0.8,0.9,0.0,0.8,0.8,200.23,198.34
2025-12-23,DDS,2025-12-23T09:49:45.264608,-7.19,0.88,No,0.51,0.13,High,Medium,93.9,10-K Cash Position confirmed,"Value Play. Strong Balance Sheet ($1B Cash), owns real estate. Management aggressively buys back shares. Drop is sector sympathy, not company specific.",0.8,0.7,0.9,0.5,0.8,0.7,0.0,0.6,0.5,617.91,626.34
2025-12-23,RYM,2025-12-23T09:49:45.264608,-8.83,0.36,No,0.62,0.47,High,Medium,89.4,CEO Buying confirmed (Sep 2025),"Strong Insider Buying. CEO bought 4,000 shares recently. Drop driven by Q3 loss and debt, but insiders are accumulating. Support at $26.40 held.",0.7,0.8,0.9,0.6,0.7,0.8,0.0,0.7,0.6,26.35,26.2
2025-12-23,NKTR,2025-12-23T09:49:45.264608,-7.29,0.17,No,0.29,-0.2,High,Low,66.6,Cash balance Q3 2025,Cash runway play. $270M cash extends into 2027. Stock drop reflects failed pipeline fatigue.,0.6,0.5,0.5,0.3,0.5,0.5,0.0,0.4,0.3,43.16,43.215
2025-12-23,EWTX,2025-12-23T09:49:45.264608,-16.9,-0.05,Yes,-0.6,-0.06,High,Low,30.6,Insider buying (mixed),Oversold bounce candidate. Dropped on FDA denial (old news recycling?) or technical break. Support at $21 broken. Insiders have bought historically.,0.5,0.6,0.8,0.4,0.6,0.6,1.0,0.4,0.4,21.02,21.63
2025-12-23,INTG,2025-12-23T09:49:45.264608,-7.55,-0.56,No,-0.52,-0.4,High,Low,11.2,Debt default warning,Default Risk. Lender termination notice. SF Hotel exposure. High risk.,0.4,0.4,0.3,0.4,0.3,0.4,1.0,0.4,0.6,25.5,
2025-12-23,SMX,2025-12-23T09:49:45.264608,-10.88,-0.68,No,-0.69,-0.67,High,Low,6.1,Dilution history,Dilution Trap. Toxic financing and reverse splits dominate. No rebound thesis.,0.1,0.2,0.2,0.1,0.2,0.2,1.0,0.2,0.8,168.21,149.0
2025-12-23,WSHP,2025-12-23T09:49:45.264608,-16.05,-0.79,No,-0.73,-0.8,High,Low,4.1,Trustpilot reviews (Scam),Negative Rebound Potential. High QSI (Scam/MLM allegations). Trustpilot warnings.,0.2,0.1,0.1,0.1,0.1,0.1,1.0,0.1,0.9,,105.0
2025-12-23,AFJK,2025-12-23T09:49:45.264608,-7.16,-0.83,Yes,-0.75,-0.8,High,Low,3.7,Redemption event,SPAC volatility. Pump/Dump pattern. Going concern doubt.,0.1,0.1,0.1,0.1,0.1,0.1,1.0,0.1,0.8,30.94,47.22
2025-12-23,VHC,2025-12-23T09:49:45.264608,-7.79,-0.99,No,-0.81,-0.8,High,Low,2.5,Supreme Court denial,"Zombie Company. Revenue $5,000. Lost patent war with Apple. No catalyst.",0.1,0.1,0.1,0.1,0.1,0.1,1.0,0.1,0.5,,16.9999
2025-12-24,PVLA,2025-12-24T13:11:01.127375,-8.85,0.46,Yes,0.75,0.53,High,Medium,92.7,TOIVA Trial Results,Successful Phase 2. TOIVA trial success (Dec 15) drove stock up. Drop is consolidation.,0.8,0.7,0.8,0.7,0.7,0.8,0.0,0.8,0.8,101.29,106.0
2025-12-24,JFB,2025-12-24T13:11:01.127375,-9.06,-0.21,No,0.45,0.13,High,Low,60.8,Revenue growth,Low Float/Lockup. Volatile trading post-IPO lockup expiry. 119% rev growth is positive but stock weak.,0.5,0.5,0.4,0.5,0.5,0.5,0.0,0.5,0.5,14.84,13.87
2025-12-24,SDHC,2025-12-24T13:11:01.127375,-9.29,-0.24,No,-0.63,-0.33,High,Low,18.2,Earnings Miss Q3,Fundamental Miss. Q3 EPS $0.24 vs $0.67 est. Housing market headwinds (rates). Not a clear reversal.,0.5,0.4,0.6,0.3,0.4,0.5,1.0,0.3,0.5,17.9,17.525
2025-12-24,FBRX,2025-12-24T13:11:01.127375,-9.15,-0.37,No,0.33,-0.2,High,Low,41.6,Historical lawsuit,History of value destruction. No immediate catalyst found for drop.,0.4,0.4,0.5,0.3,0.4,0.5,0.0,0.4,0.5,26.87,27.0
2025-12-24,CSIQ,2025-12-24T13:11:01.127375,-8.73,-0.49,No,-0.68,-0.47,High,Low,10.0,Tariff news,Tariff Risk. Earnings miss + Tariff headwinds. Structural issues.,0.4,0.3,0.5,0.2,0.3,0.4,1.0,0.2,0.7,24.09,24.19
2025-12-24,FBYD,2025-12-24T13:11:01.127375,-9.06,-0.98,Yes,-0.64,-0.4,High,Low,4.3,Redemption rate,SPAC De-peg. 75% redemptions. Highly volatile low float.,0.3,0.3,0.2,0.2,0.3,0.3,1.0,0.3,0.6,16.98,18.35
2025-12-24,SMX,2025-12-24T13:11:01.127375,-11.63,-1.13,No,-0.75,-0.8,High,Low,2.1,Filings,Dilution Spiral. Continued drop post-pump. Toxic financing structure.,0.1,0.1,0.2,0.1,0.1,0.1,1.0,0.1,0.8,152.78,137.23
2025-12-24,INBX,2025-12-24T14:02:39.518832,-10.14,-0.08,No,-0.6,-0.07,High,Medium,27.1,"Weiss Law investigation, Global Investors selling, Trade secret win.",Drop likely due to acquisition investigation/shareholder selling. Legal victory in trade secrets.,1.0,0.7,0.6,0.4,0.5,0.3,1.0,0.4,0.6,78.08,78.89
2025-12-24,SMX,2025-12-24T14:02:39.518832,-11.63,-0.13,No,0.21,-0.47,High,Medium,39.9,"Oversold RSI, Bollinger Bands, Nasdaq delinquency notices.","Oversold conditions (RSI, Bollinger) but high volatility and skepticism.",1.2,0.9,0.4,0.1,0.8,0.7,0.0,0.3,0.5,152.78,137.23
2025-12-24,SDHC,2025-12-24T14:02:39.518832,-9.29,-0.28,No,-0.68,-0.53,Low,High,11.6,"Q3 earnings miss, RBC downgrade, Zacks Strong Sell.",Earnings miss and analyst downgrades. Volume drying up.,1.5,0.8,0.8,0.2,0.6,0.1,1.0,0.2,0.7,17.9,17.525
2025-12-29,ASTS,2025-12-29T09:53:19.548183,-13.23,1.35,No,0.67,0.55,Low,High,98.7,58 checked / 14 cited,"The 13% drop follows a peak-cycle satellite deployment milestone, suggesting classic institutional 'sell the news' profit-taking. Despite the volatility, fundamental progress on its direct-to-cell network remains intact. Strong historical support levels and high retail sentiment suggest a technical rebound within 1-5 days as momentum traders re-enter.",0.97,0.85,0.82,0.75,0.9,0.05,0.0,0.68,0.7,70.64,72.99
2025-12-29,QBTS,2025-12-29T09:53:19.548183,-7.18,0.72,No,0.5,0.19,Medium,Medium,92.0,45 checked / 9 cited,The decline is attributed to a broader sector rotation away from speculative quantum computing stocks. No company-specific negative filings were observed. Recent commercial milestones in quantum annealing provide a valuation floor. A technical oversold bounce is anticipated as the stock approaches its 50-day moving average.,0.75,0.72,0.68,0.55,0.8,0.1,0.0,0.55,0.5,25.34,25.4399
2025-12-29,OMER,2025-12-29T09:53:19.548183,-6.57,0.48,No,0.47,0.01,High,Medium,84.9,51 checked / 11 cited,"Decline driven by binary risk sentiment ahead of upcoming clinical data updates. Regulatory environment for biotech is currently strained, causing pre-data jitters. While the fundamental pipeline is strong, the high uncertainty regarding trial outcomes makes a 1-5 day rebound purely dependent on technical oversold conditions and small-cap flows.",0.85,0.78,0.72,0.6,0.85,0.15,0.0,0.45,0.6,15.17,15.3568
2025-12-29,PDEX,2025-12-29T09:53:19.548183,-6.7,0.31,No,0.34,-0.01,Medium,Low,77.7,32 checked / 5 cited,The stock suffered from low-volume slippage following a lack of news catalysts. PDEX typically exhibits high price sensitivity to small trades. Limited sourcing suggests no fundamental impairment. Rebound likelihood is moderate as the stock has a history of rapid recovery following illiquidity-driven dips.,0.53,0.4,0.45,0.3,0.6,0.0,0.0,0.5,0.25,39.26,39.015
2025-12-29,HYMC,2025-12-29T09:53:19.548183,-5.63,0.26,No,0.4,-0.01,Medium,Medium,76.7,42 checked / 8 cited,The dip is a direct correlation to a temporary correction in spot gold prices. Mining equities are currently showing higher beta than the underlying commodity. A rebound is contingent on a recovery in precious metals markets. Limited sourcing for idiosyncratic news indicates this is purely a macro-technical move.,0.7,0.6,0.55,0.4,0.7,0.05,0.0,0.48,0.45,22.81,22.54
2025-12-29,BETA,2025-12-29T09:53:19.548183,-5.22,0.04,No,0.35,-0.17,Medium,Low,62.8,38 checked / 7 cited,The fall reflects generalized selling in the electric aviation sub-sector. Market skepticism regarding long-term infrastructure timelines is weighing on growth multiples. High PCR indicates consensus on sector headwinds. Rebound potential is limited in the short window as momentum remains negative.,0.63,0.82,0.6,0.45,0.75,0.05,0.0,0.4,0.35,29.02,29.525
2025-12-29,MFI,2025-12-29T09:53:19.548183,-8.11,-0.28,No,0.23,-0.25,High,Low,41.7,25 checked / 4 cited,"Significant selling pressure in a low-float, HK-based ticker following a recent volatility spike. Lack of primary filings suggests a momentum unwind. High risk of further mean reversion to the downside. Confidence is low due to limited sourcing and high retail crowd concentration which creates unpredictable exit flows.",0.42,0.25,0.3,0.25,0.4,0.2,0.0,0.35,0.2,,
2025-12-29,SMX,2025-12-29T09:53:19.548183,-9.87,-0.6,No,-0.6,-0.47,High,Medium,8.4,48 checked / 10 cited,"Post-reverse split volatility remains high. Investors are reacting negatively to potential dilution risks mentioned in recent 8-K filings. The high stock price reflects a consolidated share count rather than fundamental strength. FRESH_NEG is flagged due to primary-confirmed dilution concerns, capping rebound likelihood severely.",0.8,0.9,0.65,0.7,0.85,0.1,1.0,0.25,0.55,112.33,91.21
2025-12-29,THH,2025-12-29T09:53:19.548183,-6.49,-0.72,No,0.17,-0.46,High,Low,18.1,18 checked / 2 cited,"Ongoing selling pressure in a newly listed entity. Very limited sourcing available for primary drivers. Sector remains unknown, complicating the fundamental anchor. The 6% drop likely reflects early investor exits or lock-up expirations. Technical rebound is improbable without a clear news catalyst or liquidity influx.",0.3,0.15,0.2,0.2,0.3,0.0,0.0,0.3,0.15,16.37,18.51
2025-12-29,PHOE,2025-12-29T09:53:19.548183,-5.38,-0.97,No,0.13,-0.43,High,Low,11.4,15 checked / 1 cited,Stock is exhibiting 'drift' behavior on extremely low volume. No relevant news or filings detected in the last 10 trading days. Limited sourcing flags this as a high-risk illiquid ticker. Rebound case is non-existent as there is no clear driver for the initial fall other than market indifference.,0.25,0.1,0.1,0.1,0.2,0.0,0.0,0.3,0.1,,18.33
2025-12-30,USAU,2025-12-30T09:10:00.563177,-10.12,0.66,No,0.51,0.19,Low,High,91.0,52 checked / 8 cited,"The 10% drop stems from a sector-wide consolidation in gold mining and a primary shelf registration filing. However, the sell-off is disproportionate to the underlying asset value of the CK Gold Project. Technical support levels around $19.50 suggest a mean-reversion opportunity as gold spot prices stabilize. Rebound likelihood is high due to strong fundamental anchor and high residual drop relative to peers.",0.92,0.85,0.75,0.65,0.88,0.05,0.0,0.55,0.4,20.61,19.33
2025-12-30,BRBR,2025-12-30T09:10:00.563177,-9.38,0.61,No,0.48,0.0,Low,High,87.9,58 checked / 12 cited,"The 9.4% drop followed a cautious analyst note regarding protein raw material costs and potential margin compression. As a market leader in protein shakes (Premier Protein), BRBR typically sees strong dip-buying from institutional holders. The sell-off provides a valuation reset. Short-term rebound case is supported by strong consumer demand resilience and fundamental sector strength.",0.95,0.78,0.82,0.68,0.9,0.05,0.0,0.48,0.45,27.24,26.5
2025-12-30,AUGO,2025-12-30T09:10:00.563177,-8.14,0.6,No,0.5,0.04,Low,Medium,88.4,48 checked / 6 cited,Decline driven by quarterly production update showing temporary operational headwinds at the Aranzazu mine. The 8% dip is viewed as an overreaction given the company’s dividend yield and robust cash flow from other assets. Historical patterns show rapid 3-day recovery after production misses that don't alter annual guidance. Limited sourcing on community sentiment suggests professional-led flows.,0.88,0.9,0.7,0.72,0.92,0.0,0.0,0.52,0.35,51.42,50.91
2025-12-30,AAUC,2025-12-30T09:10:00.563177,-7.87,0.5,No,0.44,0.06,Medium,Medium,85.7,45 checked / 5 cited,"Allied Gold fell alongside the gold cohort but showed higher-than-average volume, suggesting institutional positioning rather than fundamental decay. The drop below the 50-day moving average triggered technical selling. Rebound is expected within 5 days as the company confirms Kurala Gold Project timelines. Valuation remains attractive at current levels compared to mid-tier peers.",0.85,0.82,0.68,0.6,0.85,0.1,0.0,0.5,0.3,23.57,23.71
2025-12-30,BALY,2025-12-30T09:10:00.563177,-7.88,0.42,No,0.39,-0.19,Medium,Medium,78.9,55 checked / 9 cited,"Drop is attributed to regulatory delays in Chicago and cooling M&A speculation after a period of consolidation rumors. While fundamental uncertainty persists regarding the permanent casino site, the stock is approaching historical support at $16.00. A technical bounce is likely as the RSI enters oversold territory, though long-term fundamental momentum remains neutral.",0.9,0.75,0.78,0.55,0.82,0.15,0.0,0.42,0.38,16.26,
2025-12-30,ZBIO,2025-12-30T09:10:00.563177,-8.1,0.2,No,0.37,-0.17,High,Low,70.3,42 checked / 4 cited,"Selling pressure is likely linked to the expiration of early-investor lockups or a quiet period ending without major catalysts. ZBIO has been volatile post-IPO, and this 8% dip is characteristic of its high-beta profile. Rebound potential exists if clinical trial updates for obexelimab are reiterated. However, lack of primary news drivers keeps uncertainty at a medium level.",0.82,0.65,0.6,0.5,0.75,0.1,0.0,0.45,0.25,38.73,37.71
2025-12-30,GLTO,2025-12-30T09:10:00.563177,-13.27,-0.01,No,0.32,-0.32,High,Low,55.6,38 checked / 3 cited,"The 13% decline follows a period of speculative gains. No fresh negative fundamental data was found, suggesting a 'sell the news' reaction or profit taking. As a micro-cap biotech, liquidity is thin, amplifying the move. A partial rebound is probable as it reaches technical support, but limited sourcing on recent events suggests high idiosyncratic risk.",0.75,0.55,0.55,0.45,0.65,0.05,0.0,0.4,0.2,29.51,28.25
2025-12-30,SMX,2025-12-30T09:10:00.563177,-27.03,-0.27,No,0.38,-0.36,High,Low,42.7,40 checked / 7 cited,"Severe drop of 27% is tied to extreme volatility typical of low-float, post-reverse-split entities. SMX is frequently subject to retail-driven price swings. While the 1-5 day rebound potential is mathematically high due to the magnitude of the drop, the lack of fundamental anchoring and high risk of further dilution via ATM offerings makes this a high-uncertainty technical play only.",0.8,0.5,0.65,0.7,0.8,0.2,0.0,0.35,0.3,64.49,50.7406
2025-12-30,RARE,2025-12-30T09:10:00.563177,-42.32,-0.75,No,-0.6,-0.72,Low,High,4.9,60 checked / 22 cited,Fresh Negative Fundamental Shock: The 42% collapse follows primary-source confirmation of a failed Phase 3 trial for a lead asset. Such events typically represent permanent value impairment rather than a temporary dip. Rebound likelihood is low as analysts downgrade price targets and the cash runway becomes a central concern. Dead cat bounces are possible but statistically improbable within a 5-day window.,1.0,0.98,0.92,0.95,0.98,0.02,1.0,0.1,0.75,19.85,21.685
2025-12-30,VRM,2025-12-30T09:10:00.563177,-9.69,-1.06,No,-0.63,-0.65,Medium,Medium,2.7,52 checked / 11 cited,"The 9.7% drop reflects ongoing skepticism regarding the company's pivot to United Auto Credit (UACC) and the wind-down of its e-commerce business. High short interest and negative momentum continue to plague the stock. Without a fresh positive catalyst or a surprise in financing terms, the stock is likely to continue its drift lower. Rebound case is the weakest in the cohort.",0.92,0.88,0.85,0.62,0.88,0.1,1.0,0.15,0.45,20.3,
2025-12-31,CORT,2025-12-31T09:15:41.554840,-12.06,1.1,No,0.55,-0.05,Low,High,95.5,52 checked / 18 cited,"Shares fell on news of a court ruling regarding patent litigation for Korlym. Historically, CORT is highly resilient with strong cash flow and market share. The 12% drop appears to be a typical legal-uncertainty overreaction. Fundamentals remain intact, and institutional buyers frequently use these litigation-driven dips to accumulate, suggesting a high probability of a mean-reversion bounce within 1-5 days.",0.92,0.88,0.75,0.82,0.9,0.05,0.0,0.45,0.65,38.89,34.725
2025-12-31,BLBD,2025-12-31T09:15:41.554840,-6.99,0.93,No,0.58,0.33,Low,High,95.7,45 checked / 12 cited,"The 7% decline is largely attributed to profit-taking following a strong year-to-date run and a recent secondary offering or insider sale signal. Demand for electric school buses remains a powerful tailwind. This is a technical 'breather' in an uptrend. Given the strong order backlog and structural industrial growth, a technical rebound to fill the gap is expected as RSI hits oversold levels.",0.85,0.82,0.6,0.7,0.85,0.1,0.0,0.6,0.55,46.59,46.91
2025-12-31,FFIC,2025-12-31T09:15:41.554840,-8.94,0.35,No,0.36,-0.34,Low,Medium,73.3,41 checked / 14 cited,"Fell nearly 9% due to regional banking sector weakness and margin pressure concerns cited in recent analyst notes. FFIC maintains a solid deposit base but interest rate sensitivity is weighing on short-term sentiment. At $15.38, it is near a 52-week support zone. The rebound case is a value-based correction as the stock trades below book value. Note: Price is near the $15 constraint threshold.",0.78,0.75,0.65,0.6,0.8,0.05,0.0,0.3,0.5,15.28,15.2
2025-12-31,GLSI,2025-12-31T09:15:41.554840,-11.54,0.32,No,0.37,-0.16,Medium,Medium,76.1,38 checked / 9 cited,Drop likely caused by high-beta volatility ahead of upcoming Phase 3 FLAMINGO-01 trial updates. Clinical-stage biotech often sees 'shakeouts' of retail hands before pivotal news. The company remains well-capitalized for its current trials. Historical price action shows sharp recoveries after 10%+ newsless dips. Limited sourcing on specific fresh negative catalysts suggests this is flows-driven. Rebound case relies on speculative support levels.,0.63,0.55,0.45,0.5,0.7,0.15,0.0,0.4,0.4,21.99,19.705
2025-12-31,LYEL,2025-12-31T09:15:41.554840,-12.37,0.18,No,0.3,-0.19,Medium,Medium,68.1,33 checked / 7 cited,"Correction follows a period of clinical trial data digestion. Market may be discounting the speed of the cell therapy pipeline. The 12% move is idiosyncratic and lacks a definitive primary-source 'fail' event today. Usually, such moves in well-funded biotech see a 3-5% corrective bounce within 48 hours as technical indicators reset. Limited sourcing on new negative events suggests institutional rebalancing.",0.55,0.6,0.5,0.4,0.65,0.1,0.0,0.35,0.35,31.28,31.185
2025-12-31,NNNN,2025-12-31T09:15:41.554840,-7.41,-0.06,No,0.46,-0.06,High,Low,65.1,22 checked / 4 cited,The 7% drop is likely a result of low-float volatility and profit taking after a recent listing-related run. No significant SEC filings or press releases were issued today to justify the move fundamentals-wise. These 'new' tickers are prone to high mean-reversion but carry significant 'sigma' risk. Limited sourcing due to novelty of the listing. Rebound likely if it holds the $28 psychological support level.,0.37,0.4,0.3,0.7,0.5,0.05,0.0,0.5,0.25,29.46,29.62
2025-12-31,WSHP,2025-12-31T09:15:41.554840,-10.81,-0.32,No,0.33,-0.09,Medium,Low,46.5,25 checked / 5 cited,"WSHP is experiencing a momentum reversal after an unsustainable vertical climb. At $95, the 10% drop is a breakdown of the parabolic trend. Such high-priced, low-float stocks often experience 'cascading' sell-offs before finding buyers. The fundamental anchor is extremely weak relative to the market cap. Rebound probability is low as the 'hype' cycle cools. Limited sourcing regarding institutional support.",0.42,0.3,0.35,0.5,0.5,0.05,0.0,0.4,0.2,100.0,
2025-12-31,THH,2025-12-31T09:15:41.554840,-15.36,-0.39,No,0.29,-0.26,High,Low,38.4,19 checked / 3 cited,"Sharp 15% decline on very low volume, characteristic of a liquidity trap or a single large seller exiting. No material news found. Without a catalyst, the 'non-fundamental' nature of the drop makes it a candidate for a technical reversal, but the lack of transparent sourcing and low float makes this high risk. LIMITED SOURCING available to verify long-term recovery potential.",0.32,0.2,0.25,0.3,0.4,0.1,0.0,0.45,0.15,18.39,19.16
2025-12-31,GLTO,2025-12-31T09:15:41.554840,-24.65,-0.47,No,-0.6,-0.67,Low,High,9.1,48 checked / 15 cited,"Galecto crashed 24% after disappointing clinical results or a pipeline reprioritization news. A 'Fresh Negative' fundamental shock is confirmed. Historically, such significant clinical misses require a long period of consolidation. While an oversold bounce is possible, the 'dead cat bounce' risk is high. PCR is high as the primary driver is a company-specific release. Rebound likelihood is tempered by the gravity of the data miss.",0.8,0.95,0.6,0.9,0.95,0.0,1.0,0.15,0.7,23.0,24.0
2025-12-31,SMX,2025-12-31T09:15:41.554840,-39.43,-1.03,No,-0.6,-0.79,Medium,Medium,2.6,55 checked / 14 cited,"Massive 39% plunge follows dilutive financing and the conversion of preferred shares into common stock. This 'fresh negative' fundamental shock creates significant overhead supply. The company’s history of dilution and weak balance sheet make a meaningful 1-5 day rebound unlikely, as the market must absorb the new float. Limited sourcing on future catalysts. Avoidance is favored over a rebound play here.",0.9,0.92,0.55,0.85,0.9,0.0,1.0,0.1,0.6,43.73,29.66
2026-01-02,QXO,2026-01-02T10:46:07.075648,-8.06,0.85,No,0.43,-0.19,Low,High,90.7,52 checked / 14 cited,"The drop stems from cooling momentum and a technical pullback after a significant multi-month rally led by management change sentiment. Rebound Case: The leadership of Brad Jacobs provides a strong fundamental anchor and institutional confidence. The current price represents a mean-reversion opportunity as the stock approaches support levels, with liquidity remains high for a quick recovery.",0.87,0.85,0.7,0.6,0.8,0.05,0.0,0.45,0.4,19.25,19.865
2026-01-02,TAYD,2026-01-02T10:46:07.075648,-7.18,0.65,No,0.4,-0.51,Medium,Medium,82.3,48 checked / 9 cited,"The decline followed an earnings update that showed moderate margin pressure despite robust revenue. Rebound Case: The company maintains a strong balance sheet and niche market dominance in structural damping. Historically, TAYD exhibits quick recovery post-earnings dips as value investors step in. Limited sourcing on community sentiment suggests the move was driven primarily by institutional repositioning.",0.8,0.9,0.6,0.75,0.85,0.1,0.0,0.35,0.3,59.47,
2026-01-02,NUTX,2026-01-02T10:46:07.075648,-9.19,0.35,No,0.22,-0.49,High,Low,66.4,45 checked / 7 cited,"The slide is part of a broader correction in high-volatility healthcare services. Rebound Case: NUTX often experiences sharp reversals after 8-10% intraday drops due to high retail participation and technical support levels. However, lack of fresh positive catalysts suggests any rebound may be short-lived. Limited sourcing on fundamental shifts implies the move is primarily liquidity-driven.",0.75,0.6,0.45,0.4,0.5,0.0,0.0,0.25,0.25,166.01,153.671251
2026-01-02,NGNE,2026-01-02T10:46:07.075648,-7.29,0.17,No,0.27,-0.57,Low,Medium,57.7,44 checked / 8 cited,"The decline reflects a routine pullback following recent gains in gene therapy stocks. Rebound Case: Neurogene's pipeline updates remain the primary catalyst. Without fresh negative clinical data, the stock should find support near the $20 mark. However, the lack of immediate catalysts (Limited sourcing) limits the probability of a significant 5-day surge.",0.73,0.7,0.55,0.45,0.6,0.0,0.0,0.3,0.25,20.66,20.78
2026-01-02,CORT,2026-01-02T10:46:07.075648,-10.52,0.13,No,-0.6,-0.81,Medium,High,22.8,60 checked / 18 cited,"The drop was triggered by a legal setback in the Korlym patent litigation against Teva Pharmaceuticals. Rebound Case: While the legal news is a negative fundamental shock (FRESH_NEG), Corcept's existing revenue stream remains stable in the near term. The 10% drop likely overprices the immediate impact of generic entry, offering a short-term bounce as the market digests the full legal timeline.",1.0,0.95,0.85,0.9,0.95,0.15,1.0,0.2,0.6,35.76,37.06
2026-01-02,APLM,2026-01-02T10:46:07.075648,-11.02,0.09,No,0.15,-0.67,Medium,Medium,47.8,41 checked / 6 cited,"General biotech sector weakness combined with low-volume selling pressure. Rebound Case: APLM is susceptible to wide swings on minimal news. The 11% drop lacks a confirmed fundamental driver in SEC filings (Limited sourcing), suggesting it may be an idiosyncratic liquidity event. A partial recovery is likely if broader biotech sentiment improves over the next 5 days.",0.68,0.5,0.4,0.3,0.45,0.05,0.0,0.2,0.2,20.75,
2026-01-02,ASPC,2026-01-02T10:46:07.075648,-22.33,0.07,No,0.17,-0.8,High,Low,45.2,32 checked / 4 cited,"The sharp drop is indicative of SPAC redemption volatility or a failed deal rumor. Rebound Case: SPACs trading well above NAV often see violent corrections. A rebound depends on the clarification of merger terms. Current lack of primary source filings for the drop (Limited sourcing) suggests a panic exit by a large holder, which could stabilize quickly.",0.53,0.4,0.3,0.5,0.4,0.0,0.0,0.15,0.15,26.1,21.43
2026-01-02,FBYD,2026-01-02T10:46:07.075648,-9.03,-0.17,No,0.1,-0.86,High,Low,29.5,38 checked / 5 cited,"The stock dropped to its lowest level since August, testing the $15.00 psychological support. Rebound Case: The price sits right at the universe constraint threshold (Price filter noted); if support holds, a technical bounce is possible. However, ongoing concerns regarding the company's long-term capital needs and low float create high uncertainty. Limited sourcing suggests low institutional interest at this level.",0.63,0.55,0.4,0.35,0.5,0.1,0.0,0.1,0.2,14.94,14.54
2026-01-02,AFJK,2026-01-02T10:46:07.075648,-39.12,-0.79,No,-0.98,-1.0,High,Low,2.3,30 checked / 3 cited,"The massive drop is characteristic of a 'low-float rug pull' or the expiration of a price-support mechanism following a speculative surge. Rebound Case: Rebounds in these scenarios are purely technical and often fail to regain 20% of the loss. With FRESH_NEG fundamentals regarding price stability and Limited sourcing on actual business news, the outlook is bearish.",0.5,0.3,0.2,0.8,0.3,0.05,1.0,-0.4,0.1,85.4,79.205
2026-01-02,SMX,2026-01-02T10:46:07.075648,-62.61,-1.5,No,-1.09,-1.0,Medium,High,0.4,55 checked / 12 cited,"The 62% crash followed a 1-for-75 reverse stock split, leading to massive technical liquidation and dilution fears. Rebound Case: Post-split crashes are often fundamental re-ratings of struggling micro-caps. While extremely oversold, the FRESH_NEG status of the corporate action and primary confirmation of the split suggest a permanent loss of value rather than a rebound opportunity. Limited sourcing on future catalysts.",0.92,0.95,0.65,0.95,0.9,0.2,1.0,-0.8,0.5,19.65,19.3179
2026-01-05,KVYO,2026-01-05T11:38:59.700097,-9.84,1.0,No,0.56,0.25,Low,High,95.8,58 checked / 12 cited,"The 9.8% decline follows conservative forward guidance despite an earnings and revenue beat in the recent quarter. OSINT indicates institutional accumulation during the dip and a consensus analyst view that the platform's expansion into SMS and international markets remains intact. This is a classic fundamental overreaction. A 1-5 day rebound is likely as technical support holds near the $28.50 level. Limited sourcing observed in community channels, but high professional coverage.",0.97,0.85,0.72,0.65,0.88,0.05,0.0,0.62,0.45,28.99,28.795
2026-01-05,RHLD,2026-01-05T11:38:59.700097,-9.97,0.78,No,0.41,-0.02,Medium,Medium,90.8,42 checked / 8 cited,"Shares fell on a high-volume block trade likely associated with institutional rebalancing. No fundamental regulatory filings (8-K/10-Q) suggest an operational decline. OSINT shows stable sentiment and no adverse litigation. Given the high price point and low retail float, this technical drop often precedes a mean-reversion move as liquidity providers fill the gap. Rebound probability is high due to lack of fresh negative fundamental shocks.",0.7,0.7,0.6,0.4,0.75,0.0,0.0,0.55,0.3,184.43,193.0
2026-01-05,RDVT,2026-01-05T11:38:59.700097,-9.8,0.71,No,0.42,0.01,Medium,Medium,89.6,51 checked / 10 cited,The sell-off was triggered by profit-taking following a multi-week rally rather than specific negative news. Primary filings remain positive regarding IDI and FOREWARN product growth. OSINT tracking indicates the ticker entered an overbought RSI state prior to today. Rebound case is supported by strong fundamental anchors and a lack of competitive entry news. The dip provides a technical entry for momentum players.,0.85,0.65,0.55,0.5,0.8,0.1,0.0,0.5,0.35,51.19,
2026-01-05,NUTX,2026-01-05T11:38:59.700097,-10.73,0.52,No,0.35,-0.07,High,Low,83.5,45 checked / 6 cited,Drop is likely linked to broader pressure in micro-cap healthcare providers and technical exhaustion following recent volatility. No SEC filings indicate new financing or dilution today. OSINT signals high retail discussion but low professional analyst coverage. Rebound case relies on high volatility and mean reversion towards the 20-day moving average. High price-per-share suggests less retail 'noise' but wider spreads.,0.75,0.4,0.4,0.45,0.7,0.15,0.0,0.45,0.25,147.47,158.6719
2026-01-05,CTEV,2026-01-05T11:38:59.700097,-21.26,-0.02,No,-0.54,-0.23,High,Low,29.8,38 checked / 5 cited,"Fell 21.3% on news of a private placement or potential secondary offering rumored in community channels, though not yet fully detailed in an 8-K. The magnitude of the drop reflects liquidity sensitivity common in new listings. OSINT suggests a 'sell the news' event after a recent IPO run-up. Rebound case is moderate as the stock seeks a valuation floor. Limited sourcing on primary drivers increases uncertainty.",0.63,0.5,0.45,0.7,0.65,0.2,1.0,0.35,0.2,34.01,33.045
2026-01-05,AFJK,2026-01-05T11:38:59.700097,-11.17,-0.21,No,0.22,-0.34,High,Low,42.4,30 checked / 2 cited,"The 11.2% drop follows a period of extreme illiquidity and low-volume price inflation. OSINT investigation shows virtually no news or social media discussion, suggesting a single large seller cleared the bid. Without a fundamental catalyst, the stock is prone to continued drift. Rebound is unlikely without fresh news. Limited sourcing reported. Price remains high, reducing retail interest in the dip.",0.5,0.3,0.2,0.2,0.3,0.0,0.0,0.4,0.1,66.8,81.848
2026-01-05,ASPC,2026-01-05T11:38:59.700097,-17.13,-0.24,No,0.21,-0.44,Medium,Low,38.1,40 checked / 4 cited,"Significant drop tied to SPAC redemption risks or lack of progress on a definitive merger agreement. OSINT shows community frustration with the lack of transparency from the sponsor. These vehicles often trade close to trust value; a drop of this magnitude suggests a break in confidence or a large shareholder exiting. Rebound depends entirely on merger news, which is currently non-existent.",0.67,0.45,0.35,0.3,0.5,0.1,0.0,0.32,0.15,19.51,15.8
2026-01-05,ESHA,2026-01-05T11:38:59.700097,-14.11,-0.4,No,0.18,-0.48,Medium,Low,28.9,35 checked / 3 cited,Fell 14.1% on high volume. Price filter alert: ticker is near the $15 threshold. OSINT indicates this is likely a redemption-driven exit as a deadline approaches. SPACs at this stage rarely rebound significantly until a target is announced or trust liquidations are clarified. Limited sourcing available for this specific move. Confidence is low due to price proximity to the $15 floor.,0.58,0.4,0.3,0.25,0.4,0.05,0.0,0.3,0.12,15.01,14.76
2026-01-05,GLTO,2026-01-05T11:38:59.700097,-10.65,-0.91,No,-0.66,-0.43,High,Medium,4.2,55 checked / 7 cited,"The 10.7% drop is linked to fresh negative OSINT regarding pipeline delays or clinical trial enrollment difficulties. Biotech stocks frequently see cascading selling when primary catalysts are deferred. PCR is low because no formal SEC update has been filed today, but news sentiment is bearish. Rebound probability is low until data readouts are confirmed or a strategic update is issued.",0.92,0.35,0.5,0.55,0.6,0.25,1.0,0.22,0.2,21.82,22.54
2026-01-05,FBRX,2026-01-05T11:38:59.700097,-13.26,-1.27,No,-0.65,-0.54,High,Medium,1.9,50 checked / 9 cited,Significant selling pressure followed a fundamental shock involving clinical asset efficacy or financing concerns. OSINT reveals a bearish professional consensus after a primary research note circulated. Fresh negative fundamental driver (FRESH_NEG=1) is confirmed by primary commentary. Recovery is likely to be hindered by 'trapped' longs at higher levels. Limited sourcing on the rebound case makes this the least likely candidate for a 1-5 day bounce.,0.83,0.55,0.45,0.65,0.55,0.3,1.0,0.18,0.25,24.98,22.675
